School Name,School Type,Total Students,Total School Budget,Per Student Budget,Average Math Score,Average Reading Score,% Passing Math,% Passing Reading,% Overall Passing
Cabrera High School,Charter,1858,1081356,582.0,83.06189451022605,83.97578040904197,94.1334768568353,97.03982777179763,91.33476856835307
Thomas High School,Charter,1635,1043130,638.0,83.4183486238532,83.84892966360856,93.27217125382263,97.30886850152906,90.94801223241589
Griffin High School,Charter,1468,917500,625.0,83.35149863760218,83.816757493188,93.39237057220708,97.13896457765668,90.59945504087193
Wilson High School,Charter,2283,1319574,578.0,83.2742006132282,83.98948751642575,93.8677179150241,96.53964082347788,90.58256679807272
Pena High School,Charter,962,585858,609.0,83.83991683991684,84.04469854469855,94.5945945945946,95.94594594594594,90.54054054054053
